{"z": [6, 7, 6, 6, 6, 6, 6, 6, 8, 1, 1, 1, 1, 1, 1, 1, 1, 1, 1, 1, 6, 7, 6, 6, 7, 6, 6, 6, 8, 1, 1, 1, 1, 1, 1, 1, 1, 6, 6, 8, 6, 6, 8, 6, 8, 6, 1, 1, 1, 1, 1, 1, 1, 1, 1, 1, 8, 6, 6, 6, 6, 6, 6, 7, 1, 1, 1, 1, 1, 1, 1, 7, 6, 7, 8, 6, 7, 6, 8, 6, 1, 1, 1, 1, 1, 7, 6, 7, 7, 6, 7, 8, 6, 7, 1, 1, 1, 6, 6, 6, 8, 6, 6, 6, 6, 6, 1, 1, 1, 1, 1, 1, 1, 1, 1, 1, 6, 6, 6, 6, 6, 7, 6, 6, 8, 1, 1, 1, 1, 1, 1, 1, 1, 1, 6, 7, 6, 6, 6, 7, 8, 6, 1, 1, 1, 1, 1, 1, 1, 1, 6, 7, 6, 6, 6, 6, 8, 6, 6, 1, 1, 1, 1, 1, 1, 1, 1, 1, 8, 6, 6, 6, 6, 7, 7, 6, 7, 1, 1, 1, 1, 1, 6, 6, 6, 8, 6, 6, 8, 6, 6, 1, 1, 1, 1, 1, 1, 1, 1, 1, 1, 8, 6, 6, 6, 6, 7, 8, 7, 6, 1, 1, 1, 1, 6, 6, 8, 6, 6, 6, 6, 6, 8, 1, 1, 1, 1, 1, 1, 1, 1, 1, 1, 6, 6, 6, 7, 6, 6, 6, 6, 1, 1, 1, 1, 1, 1, 1, 7, 6, 6, 9, 8, 7, 6, 6, 8, 1, 1, 1], "pos": [[-0.06700000166893005, 1.4532999992370605, -0.21230000257492065], [0.01679999940097332, 0.02239999920129776, 0.02370000071823597], [-1.249400019645691, -0.6424999833106995, 0.27950000762939453], [-1.1455999612808228, -2.1133999824523926, 0.5199000239372253], [-0.0019000000320374966, -2.79229998588562, 0.508400022983551], [0.07519999891519547, -4.2729997634887695, 0.7538999915122986], [1.2970000505447388, -2.0869998931884766, 0.24210000038146973], [1.2426999807357788, -0.5852000117301941, -0.00930000003427267], [2.275099992752075, 0.027400000020861626, -0.22990000247955322], [0.9394999742507935, 1.8284000158309937, -0.3880999982357025], [-0.6969000101089478, 1.6651999950408936, -1.0856000185012817], [-0.5041000247001648, 1.9635000228881836, 0.6554999947547913], [-1.7355999946594238, -0.16030000150203705, 1.1448999643325806], [-1.927899956703186, -0.453900009393692, -0.5701000094413757], [-2.088399887084961, -2.618799924850464, 0.711899995803833], [-0.9122999906539917, -4.7042999267578125, 0.9376000165939331], [0.5221999883651733, -4.791999816894531, -0.10379999876022339], [0.7135999798774719, -4.496500015258789, 1.618299961090088], [1.9975999593734741, -2.236299991607666, 1.0750999450683594], [1.8069000244140625, -2.5278000831604004, -0.6255000233650208], [-0.42010000348091125, 1.2963000535964966, 0.09989999979734421], [0.18230000138282776, -0.03929999843239784, 0.06040000170469284], [1.483199954032898, -0.23749999701976776, -0.5472999811172485], [2.2636001110076904, 0.8579999804496765, -1.0752999782562256], [2.8801000118255615, 1.6912000179290771, -1.587499976158142], [1.2842999696731567, -0.4138000011444092, 0.9473999738693237], [1.9375, 0.5357000231742859, 1.9208999872207642], [2.4339001178741455, -0.10339999943971634, 3.2019999027252197], [2.047300100326538, 1.720900058746338, 1.6993999481201172], [0.2890999913215637, 2.109800100326538, 0.2687000036239624], [-0.9363999962806702, 1.4474999904632568, -0.8518999814987183], [-1.1670000553131104, 1.3009999990463257, 0.8982999920845032], [1.5765999555587769, -1.1440000534057617, -1.1420999765396118], [1.2192000150680542, -1.4426000118255615, 1.2963000535964966], [1.5959999561309814, -0.5436999797821045, 3.755199909210205], [3.1298000812530518, -0.9199000000953674, 2.977099895477295], [2.9291000366210938, 0.646399974822998, 3.819000005722046], [0.00019999999494757503, 1.5408999919891357, 0.02630000002682209], [0.022199999541044235, 0.016100000590085983, -0.024299999698996544], [-1.3029999732971191, -0.5235000252723694, 0.024399999529123306], [0.8137999773025513, -0.5626999735832214, -1.2252999544143677], [1.3070000410079956, -1.954800009727478, -0.7648000121116638], [2.5044000148773193, -2.3951001167297363, -1.3791999816894531], [1.506500005722046, -1.7755000591278076, 0.725600004196167], [2.147900104522705, -0.5400999784469604, 1.0836999416351318], [0.7253000140190125, -0.6208999752998352, 1.1720999479293823], [1.0153000354766846, 1.9357999563217163, 0.12370000034570694], [-0.43790000677108765, 1.9577000141143799, -0.8888000249862671], [-0.5947999954223633, 1.8839999437332153, 0.8783000111579895], [-1.8273999691009521, -0.07620000094175339, -0.6480000019073486], [0.1889999955892563, -0.6080999970436096, -2.122499942779541], [1.6900999546051025, 0.053199999034404755, -1.4404000043869019], [0.5044999718666077, -2.6979000568389893, -0.8952000141143799], [2.3213000297546387, -2.555500030517578, -2.309999942779541], [1.7395999431610107, -2.6250998973846436, 1.3605999946594238], [0.2879999876022339, -0.5318999886512756, 2.1631999015808105], [-0.6103000044822693, 1.6033999919891357, 0.8406999707221985], [0.0697999969124794, 1.1657999753952026, -0.05400000140070915], [1.4908000230789185, 1.6299999952316284, -0.3312999904155731], [1.4311000108718872, 2.7279000282287598, -1.351699948310852], [1.9686000347137451, 2.8429999351501465, -2.6159000396728516], [1.5799000263214111, 4.1082000732421875, -3.1363000869750977], [0.8090999722480774, 4.72599983215332, -2.1786999702453613], [0.7246999740600586, 3.882499933242798, -1.1017999649047852], [-0.337799996137619, 0.43230000138282776, -0.7839999794960022], [1.9326000213623047, 1.9711999893188477, 0.6122000217437744], [2.089200019836426, 0.8055999875068665, -0.7289999723434448], [2.5834999084472656, 2.101599931716919, -3.1033999919891357], [1.8406000137329102, 4.518700122833252, -4.099400043487549], [0.31839999556541443, 5.6859002113342285, -2.172100067138672], [0.19040000438690186, 4.046000003814697, -0.26429998874664307], [0.039000000804662704, 1.4345999956130981, 0.13750000298023224], [0.039799999445676804, 0.05400000140070915, 0.04500000178813934], [-1.090499997138977, -0.6211000084877014, 0.039400000125169754], [-0.7057999968528748, -1.983299970626831, 0.02889999933540821], [0.6229000091552734, -2.0434000492095947, 0.009399999864399433], [1.2396999597549438, -3.281899929046631, -0.00279999990016222], [0.6601999998092651, -4.538599967956543, -0.05959999933838844], [-0.5156999826431274, -4.779099941253662, -0.10999999940395355], [1.1812000274658203, -0.798799991607666, 0.01730000041425228], [0.7617999911308289, 1.8877999782562256, -0.4027999937534332], [-0.8715000152587891, 1.8356000185012817, -0.04619999974966049], [2.2476000785827637, -3.2553999423980713, 0.026000000536441803], [1.4502999782562256, -5.315100193023682, -0.05209999904036522], [2.224100112915039, -0.5299999713897705, 0.02419999986886978], [-0.025800000876188278, 1.30239999294281, 0.14350000023841858], [-0.008799999952316284, -0.05869999900460243, 0.05530000105500221], [-1.13510000705719, -0.7847999930381775, 0.039500001817941666], [-0.5942000150680542, -2.0473999977111816, 0.009800000116229057], [-0.913100004196167, -3.3671998977661133, -0.025800000876188278], [0.15620000660419464, -4.113399982452393, -0.054499998688697815], [1.2659000158309937, -3.200900077819824, -0.03579999879002571], [0.7573000192642212, -1.9728000164031982, 0.0020000000949949026], [1.1956000328063965, -0.7419999837875366, 0.029400000348687172], [0.8129000067710876, 1.7596999406814575, -0.17679999768733978], [-0.8901000022888184, 1.7476999759674072, -0.1216999962925911], [-1.9122999906539917, -3.7718000411987305, -0.03009999915957451], [0.11550000309944153, 1.4292000532150269, -0.3018999993801117], [0.00430000014603138, -0.0737999975681305, 0.003700000001117587], [0.6535000205039978, -0.3804999887943268, 1.3432999849319458], [1.645799994468689, -1.0485999584197998, 1.482699990272522], [-1.4515000581741333, -0.5633999705314636, 0.004100000020116568], [-2.0232999324798584, -1.0583000183105469, -1.3187999725341797], [-1.6927000284194946, -2.0480000972747803, -0.24140000343322754], [-2.349900007247925, 0.11630000174045563, 0.9009000062942505], [-3.0961999893188477, 0.6897000074386597, 1.6511000394821167], [1.163100004196167, 1.7400000095367432, -0.3483999967575073], [-0.3544999957084656, 1.655400037765503, -1.2635999917984009], [-0.38960000872612, 2.023400068283081, 0.4652999937534332], [0.5566999912261963, -0.6470999717712402, -0.7479000091552734], [0.1347000002861023, 0.07370000332593918, 2.217600107192993], [-3.066800117492676, -0.8450999855995178, -1.5169999599456787], [-1.3746000528335571, -1.000599980354309, -2.186199903488159], 